Var1,Var2,Var3,Var4,Var5,Var6,Var7,Var8,Var9,Var10,Var11,Var12,Var13,Var14,Var15,Var16,Var17,Var18,Var19,Var20,Var21,Var22,Var23,Var24,Var25,Var26,Var27,Var28,Var29,Var30,Var31,Var32,Var33,Var34,Var35,Var36,Var37,Var38,Var39,Var40
12,15,20,1,7,16,9,0.17,8,2,7,0.78,56,5,0.5,52,1,7,0.78,99,17.94,31877.94,0.59,287,0.06,1771,1776.48,0.56,4,8,49,0.12,102,185,54,19,73,13.33,53,Y
11,40,18,9,12,58,22,0.19,28,2.07,19,0.86,138,15,0.67,105,0,19,0.86,75.75,43.23,141550.33,1.09,529,0.02,7863.91,3274.42,0.68,15,29,118,0.16,166,363,48,25,140,16.67,114,Y
3,15,9,1,4,4,10,0.23,2,2,8,0.8,45,1,0,42,0,7,0.7,58.91,16.11,15290.22,0.32,176,0.06,849.46,949.05,0.1,1,2,37,0.19,58,118,27,15,52,10.64,43,N
0,3,2,0,0,4,2,0.22,2,2,2,1,9,1,0,9,2,2,1,18.62,14.88,4118.96,0.09,57,0.07,228.83,276.9,0.5,1,2,9,0.18,21,36,12,17,11,0,9,N
5,5,10,1,1,8,3,0.23,4,2,3,1,21,1,0,12,1,3,1,46.32,10.21,4832.73,0.16,93,0.1,268.48,473.13,0.33,2,4,20,0.14,33,60,21,13,21,14.29,13,Y
0,5,8,1,1,6,3,0.18,2,3,3,1,19,3,1,16,1,3,1,27.98,18,9065.86,0.17,99,0.06,503.66,503.66,1,2,3,18,0.16,32,67,16,18,19,11.11,17,Y
0,5,3,0,0,8,3,0.17,4,2,2,0.67,13,3,1,18,1,2,0.67,24.12,18.56,8310.37,0.15,88,0.05,461.69,447.7,1,2,4,12,0.16,33,55,16,18,19,0,18,N
5,11,11,0,2,20,6,0.27,10,2,5,0.83,36,1,0,22,2,5,0.83,35.31,19.55,13490.6,0.23,128,0.05,749.48,690.22,0.17,5,10,32,0.19,43,85,22,20,31,8.33,22,N
0,5,6,0,0,8,3,0.14,4,2,3,1,18,1,0,22,1,2,0.67,35.04,12.63,5590.85,0.15,87,0.08,310.6,442.61,0.33,2,4,17,0.13,32,55,19,15,23,0,22,N
0,6,3,0,0,4,4,0.31,2,2,3,0.75,14,1,0,13,0,2,0.5,21.05,11.25,2664.41,0.08,51,0.09,148.02,236.84,0.25,1,2,12,0.29,15,36,10,15,14,0,13,N
1,5,9,0,0,8,3,0.2,4,2,3,1,19,1,0,15,2,3,1,43.46,11.14,5396.06,0.16,96,0.09,299.78,484.26,0.33,2,4,18,0.17,39,57,21,12,18,0,15,Y
10,23,14,0,13,34,13,0.25,16,2.13,12,0.92,74,1,0,52,1,11,0.85,64.37,33.13,70666.9,0.71,348,0.03,3925.94,2132.99,0.08,9,17,63,0.17,127,221,46,24,77,20,52,N
5,21,14,0,3,38,11,0.27,18,2.11,10,0.91,66,1,0,41,1,11,1,58.14,23.94,33320.87,0.46,243,0.04,1851.16,1391.88,0.09,10,19,57,0.22,79,164,33,20,50,6.82,41,N
5,23,9,0,0,34,12,0.43,12,2.83,10,0.83,57,7,0.55,28,3,11,0.92,47.44,22.67,24374.21,0.36,186,0.04,1354.12,1075.33,0.58,11,17,47,0.34,68,118,33,22,35,0,28,N
9,12,10,0,2,14,7,0.23,6,2.33,7,1,40,6,0.83,30,0,6,0.86,52.03,24,29970.57,0.42,216,0.04,1665.03,1248.77,0.86,4,7,35,0.17,84,132,35,20,42,6.25,30,N
2,12,5,0,1,14,7,0.33,6,2.33,6,0.86,29,3,0.33,21,0,7,1,28.85,17.34,8678.36,0.17,101,0.06,482.13,500.37,0.43,4,7,24,0.28,37,64,16,15,25,4.55,21,N
8,22,35,0,0,16,15,0.14,8,2,14,0.93,109,5,0.29,107,0,15,1,189.82,24.81,116852.98,1.57,675,0.04,6491.83,4709.66,0.33,4,8,96,0.13,263,412,106,20,118,0,107,Y
0,5,4,0,0,8,3,0.33,4,2,3,1,16,1,0,9,1,1,0.33,32.94,6.95,1593.02,0.08,53,0.14,88.5,229.06,0.33,2,4,15,0.3,17,36,11,9,10,0,9,N
0,3,5,0,5,4,2,0.11,2,2,2,1,12,1,0,18,1,2,1,24.85,16.5,6765,0.14,82,0.06,375.83,410,0.5,1,2,12,0.08,33,49,16,16,24,21.74,18,N
6,13,10,0,4,22,7,0.3,10,2.2,7,1,52,3,0.33,23,2,7,1,50.81,21.22,22872.08,0.36,192,0.05,1270.67,1078.02,0.43,6,11,47,0.2,67,125,30,19,35,14.81,23,N
2,6,4,0,0,4,4,0.25,2,2,3,0.75,16,1,0,16,0,2,0.5,25.41,14,4980.42,0.12,74,0.07,276.69,355.74,0.25,1,2,14,0.21,28,46,14,14,19,0,16,Y
0,3,3,0,0,6,2,0.5,2,3,2,1,9,1,0,4,1,2,1,19.99,5.33,568.57,0.04,28,0.19,31.59,106.61,0.5,2,3,9,0.4,8,20,6,8,5,0,4,N
19,24,17,2,12,16,15,0.17,8,2,9,0.6,83,1,0,86,0,11,0.73,92.86,35.1,114410.43,1.09,495,0.03,6356.14,3259.56,0.07,4,8,70,0.12,189,306,70,26,122,14,88,Y
7,6,14,0,0,4,4,0.17,2,2,4,1,26,1,0,23,2,4,1,68.58,11.02,8321.46,0.25,136,0.09,462.3,755.42,0.25,1,2,24,0.13,47,89,32,15,32,0,23,Y
3,11,7,0,0,18,6,0.29,8,2.25,4,0.67,28,4,0.6,21,2,4,0.67,37.67,18.75,13244.88,0.24,131,0.05,735.83,706.39,0.67,5,9,24,0.24,50,81,24,18,25,0,21,N
1,6,11,0,0,4,4,0.2,2,2,3,0.75,25,1,0,20,1,3,0.75,48.84,14.22,9878.21,0.23,128,0.07,548.79,694.56,0.25,1,2,23,0.18,48,80,27,16,22,0,20,N
10,14,15,0,3,18,8,0.16,8,2.25,8,1,49,5,0.57,50,0,4,0.5,75.66,19.93,30048.37,0.5,246,0.05,1669.35,1507.8,0.63,5,9,43,0.13,93,153,49,21,64,5.66,50,N
0,3,7,0,0,4,2,0.17,2,2,2,1,16,1,0,12,0,2,1,31.49,14,6172.93,0.15,89,0.07,342.94,440.92,0.5,1,2,16,0.15,34,55,17,14,13,0,12,N
0,7,5,0,0,10,4,0.29,4,2.5,2,0.5,19,3,0.67,14,1,2,0.5,31.35,9.97,3114.36,0.1,65,0.1,173.02,312.48,0.75,3,5,17,0.27,23,42,15,13,15,0,14,N
1,3,3,0,0,4,2,0.25,2,2,2,1,9,1,0,8,1,1,0.5,18.67,7.71,1110.86,0.05,36,0.13,61.71,144,0.5,1,2,9,0.2,12,24,7,9,10,0,8,N
5,11,9,0,11,12,7,0.16,6,2,5,0.71,40,1,0,44,3,6,0.86,42.06,32.72,45051.12,0.46,236,0.03,2502.84,1376.56,0.14,3,6,35,0.11,90,146,33,24,62,20,44,N
0,3,6,0,0,4,2,0.18,2,2,2,1,13,1,0,11,0,1,0.5,34.43,7.86,2125.46,0.09,59,0.13,118.08,270.51,0.5,1,2,13,0.17,22,37,14,10,12,0,11,N
10,12,20,0,5,16,7,0.15,8,2,7,1,53,3,0.33,47,0,6,0.86,100.52,18.02,32631.05,0.6,289,0.06,1812.84,1811.1,0.43,4,8,48,0.11,110,179,58,19,63,9.62,47,N
3,11,6,0,0,20,6,0.24,10,2,6,1,35,1,0,25,1,6,1,30.2,25,18875,0.25,151,0.04,1048.61,755,0.17,5,10,31,0.21,50,101,16,16,29,0,25,N
6,18,17,0,1,28,10,0.15,14,2,9,0.9,68,1,0,67,0,7,0.7,65.16,27.99,51033.62,0.61,314,0.04,2835.2,1823.51,0.1,7,14,60,0.13,109,205,37,19,75,1.47,67,N
7,7,22,0,0,4,5,0.09,2,2,5,1,52,1,0,57,0,5,1,139.4,16.46,37755.59,0.76,357,0.06,2097.53,2294.18,0.2,1,2,49,0.08,144,213,70,16,65,0,57,Y
1,3,3,0,0,4,2,0.5,2,2,2,1,9,1,0,4,0,2,1,19.29,6.72,871.59,0.04,30,0.15,48.42,129.66,0.5,1,2,9,0.33,11,19,9,11,6,0,4,N
11,43,16,0,4,76,22,0.21,34,2.24,17,0.77,119,12,0.52,103,3,18,0.82,70.89,48.94,169799.06,1.16,557,0.02,9433.28,3469.45,0.55,21,38,99,0.18,208,349,51,24,119,3.74,103,N
0,3,6,0,0,4,2,0.13,2,2,2,1,12,1,0,16,2,2,1,27.13,15.06,6152.97,0.14,81,0.07,341.83,408.6,0.5,1,2,12,0.12,32,49,17,16,17,0,16,N
15,19,14,1,8,34,10,0.15,16,2.13,9,0.9,70,4,0.33,64,2,7,0.7,59.77,42.39,107406.67,0.84,412,0.02,5967.04,2533.7,0.4,9,17,62,0.11,156,256,46,25,89,12.33,65,N
3,11,3,0,0,20,6,0.25,10,2,2,0.33,26,1,0,24,1,4,0.67,31.92,18.79,11268.26,0.2,116,0.05,626.01,599.71,0.17,5,10,22,0.21,42,74,19,17,28,0,24,N
2,3,5,0,0,4,2,0.2,2,2,2,1,12,1,0,10,1,1,0.5,31.89,8.53,2320.9,0.09,56,0.12,128.94,272.05,0.5,1,2,12,0.15,21,35,16,13,13,0,10,N
4,10,9,0,1,12,6,0.22,6,2,6,1,37,4,0.6,27,0,5,0.83,61.09,13.24,10710.87,0.27,152,0.08,595.05,808.93,0.67,3,6,33,0.18,55,97,27,13,33,3.57,27,N
1,8,5,0,0,8,5,0.21,4,2,4,0.8,22,1,0,24,1,4,0.8,43.9,12.52,6882.97,0.18,104,0.08,382.39,549.68,0.2,2,4,19,0.19,36,68,23,16,26,0,24,N
0,3,2,0,1,4,2,0.22,2,2,2,1,9,1,0,9,2,2,1,18.62,14.88,4118.96,0.09,57,0.07,228.83,276.9,0.5,1,2,9,0.17,21,36,12,17,12,10,9,Y
13,7,21,0,5,12,4,0.11,6,2,4,1,55,1,0,37,1,4,1,89.21,24,51383.14,0.71,347,0.04,2854.62,2140.96,0.25,3,6,53,0.07,144,203,54,18,56,11.9,37,N
1,3,5,0,1,4,2,0.22,2,2,2,1,12,1,0,9,0,2,1,25.29,11.85,3548.61,0.1,63,0.08,197.14,299.56,0.5,1,2,12,0.17,22,41,13,14,12,10,9,N
0,3,3,0,0,4,2,0.22,2,2,2,1,8,1,0,9,1,2,1,17.88,9.33,1557.81,0.06,38,0.11,86.54,166.91,0.5,1,2,8,0.2,14,24,9,12,10,0,9,N
5,18,18,0,2,20,10,0.17,10,2,8,0.8,62,5,0.44,58,0,9,0.9,69.5,23.96,39892.13,0.56,269,0.04,2216.23,1665.06,0.5,5,10,54,0.15,92,177,48,25,66,3.33,58,N
3,5,3,0,1,6,3,0.27,2,3,2,0.67,13,3,1,11,1,1,0.33,29.72,13.6,5496.65,0.13,85,0.07,305.37,404.17,1,2,3,12,0.19,34,51,15,12,16,8.33,11,N
2,8,6,0,0,8,5,0.2,4,2,4,0.8,29,1,0,25,1,4,0.8,42.86,17.68,13404.49,0.25,153,0.06,744.69,757.99,0.2,2,4,26,0.18,56,97,19,12,28,0,25,N
2,7,7,0,0,12,4,0.18,6,2,4,1,23,3,0.67,22,1,3,0.75,28.83,15.47,6896.24,0.15,90,0.06,383.12,445.88,0.75,3,6,21,0.16,29,61,15,16,25,0,22,N
1,3,4,0,0,4,2,0.29,2,2,2,1,11,1,0,7,0,2,1,24.71,5.63,781.73,0.05,34,0.18,43.43,138.97,0.5,1,2,11,0.22,10,24,8,9,9,0,7,N
18,30,12,2,7,42,17,0.19,20,2.1,14,0.82,96,8,0.44,88,1,13,0.76,66.14,38.06,95809.13,0.84,418,0.03,5322.73,2517.35,0.47,11,21,81,0.15,139,279,42,23,117,9.28,90,Y
5,13,4,0,3,22,7,0.23,10,2.2,4,0.57,30,7,1,31,0,6,0.86,26.27,19.43,9914.72,0.17,104,0.05,550.82,510.32,1,6,11,25,0.17,34,70,14,16,41,8.82,31,N
5,11,6,0,0,18,6,0.26,8,2.25,4,0.67,27,1,0,23,2,6,1,22.86,24.7,13948.3,0.19,111,0.04,774.91,564.71,0.17,5,9,23,0.21,39,72,15,19,29,0,23,N
12,24,16,0,6,38,13,0.22,18,2.11,12,0.92,77,7,0.5,59,3,10,0.77,65.25,34.2,76313.12,0.74,351,0.03,4239.62,2231.5,0.54,10,19,66,0.16,125,226,53,29,79,9.23,59,Y
3,11,6,0,0,18,6,0.43,8,2.25,5,0.83,28,1,0,14,3,6,1,37.16,16.43,10037.72,0.2,114,0.06,557.65,610.76,0.17,5,9,24,0.32,42,72,23,18,19,0,14,N
0,5,2,0,1,6,3,0.3,2,3,2,0.67,12,3,1,10,3,3,1,19.09,17.86,6086.79,0.11,67,0.06,338.15,340.86,1,2,3,11,0.23,25,42,14,20,13,9.09,10,Y
0,3,3,0,0,4,2,0.5,2,2,2,1,9,1,0,4,2,2,1,18.99,5.14,502.31,0.03,25,0.19,27.91,97.67,0.5,1,2,9,0.33,9,16,7,8,6,0,4,N
5,11,11,0,5,20,6,0.21,10,2,6,1,38,1,0,28,1,4,0.67,44.43,18.41,15056.5,0.27,157,0.05,836.47,817.88,0.17,5,10,34,0.15,54,103,22,15,39,15.15,28,N
0,3,7,0,0,4,2,0.17,2,2,2,1,14,1,0,12,1,1,0.5,41.57,8.24,2819.37,0.11,72,0.12,156.63,342.35,0.5,1,2,14,0.15,28,44,17,10,13,0,12,N
7,7,8,0,0,4,5,0.14,2,2,4,0.8,30,1,0,36,0,4,0.8,55.99,19.75,21840,0.37,198,0.05,1213.33,1105.82,0.2,1,2,27,0.11,79,119,32,16,44,0,36,Y
16,32,32,1,12,36,19,0.16,18,2,16,0.84,141,4,0.17,121,0,16,0.84,167.64,36.55,223888.39,2.04,867,0.03,12438.24,6126.3,0.21,9,18,124,0.12,335,532,110,24,153,9.7,122,N
0,3,6,0,0,4,2,0.18,2,2,2,1,14,1,0,11,0,1,0.5,35.16,8.21,2372.72,0.1,63,0.12,131.82,288.85,0.5,1,2,14,0.17,23,40,14,10,12,0,11,N
24,45,36,1,8,58,25,0.21,24,2.42,23,0.92,150,8,0.29,117,0,23,0.92,142.73,32.85,154013.92,1.56,680,0.03,8556.33,4688.48,0.32,17,29,127,0.17,235,445,93,26,151,7.14,118,N
0,3,10,0,0,4,2,0.11,2,2,2,1,26,1,0,19,0,2,1,48.56,17.22,14395,0.28,163,0.06,799.72,836.07,0.5,1,2,26,0.1,66,97,23,12,20,0,19,N
0,5,4,0,0,8,3,0.18,4,2,3,1,15,3,1,17,1,2,0.67,24.56,12.25,3685.14,0.1,64,0.08,204.73,300.83,1,2,4,14,0.17,21,43,12,14,18,0,17,N
5,6,6,1,0,4,4,0.18,2,2,3,0.75,19,1,0,21,0,3,0.75,32.17,13.68,6017.65,0.15,88,0.07,334.31,440,0.25,1,2,17,0.14,31,57,17,15,28,4.55,22,Y
0,7,5,0,0,8,4,0.36,2,4,3,0.75,17,4,1,11,1,1,0.25,18.54,18,6006.03,0.11,68,0.06,333.67,333.67,1,3,4,15,0.33,24,44,12,18,12,0,11,N
12,14,22,0,1,10,9,0.14,4,2.5,7,0.78,68,4,0.38,66,0,6,0.67,116.42,23.48,64177.21,0.91,418,0.04,3565.4,2733.37,0.44,3,5,61,0.11,161,257,72,21,81,1.49,66,N
3,5,7,1,2,8,3,0.18,4,2,1,0.33,18,1,0,16,0,3,1,44.98,14.69,9703.67,0.22,125,0.07,539.09,660.68,0.33,2,4,17,0.12,47,78,24,15,25,15.79,17,N
1,3,4,0,0,4,2,0.22,2,2,2,1,9,1,0,9,1,2,1,16.47,13,2782.69,0.07,48,0.08,154.59,214.05,0.5,1,2,9,0.18,18,30,9,13,11,0,9,N
19,27,27,0,1,52,14,0.13,26,2,10,0.71,149,1,0,106,0,10,0.71,125.82,44.77,252155.78,1.88,829,0.02,14008.65,5632.57,0.07,13,26,137,0.11,308,521,86,25,127,0.93,106,Y
1,8,5,0,1,8,5,0.24,4,2,4,0.8,22,3,0.5,21,1,4,0.8,28.45,10.64,3218.64,0.1,66,0.09,178.81,302.61,0.6,2,4,19,0.21,18,48,11,13,24,4.55,21,N
7,12,7,0,3,4,8,0.17,2,2,6,0.75,44,1,0,48,0,6,0.75,63.66,24.16,37151.02,0.51,266,0.04,2063.94,1537.84,0.13,1,2,38,0.13,108,158,38,17,60,5.88,48,N
2,9,12,0,4,8,6,0.18,4,2,6,1,34,3,0.4,33,1,4,0.67,64.58,19.75,25188.5,0.43,211,0.05,1399.36,1275.37,0.5,2,4,30,0.15,79,132,44,22,40,10.81,33,N
19,18,23,0,1,16,11,0.13,8,2,9,0.82,79,7,0.6,88,2,8,0.73,151.9,21.7,71508.8,1.1,504,0.05,3972.71,3295.74,0.64,4,8,70,0.1,194,310,76,17,109,1.12,88,N
7,17,21,0,2,20,10,0.14,10,2,10,1,75,7,0.67,73,0,9,0.9,118.08,20.61,50170.62,0.81,385,0.05,2787.26,2433.94,0.7,5,10,67,0.12,142,243,62,18,84,2.67,73,N
1,7,9,0,0,12,4,0.33,6,2,4,1,24,1,0,12,3,4,1,44.33,7.33,2383.85,0.11,70,0.14,132.44,325.07,0.25,3,6,22,0.29,22,48,15,10,14,0,12,N
1,5,5,0,0,8,3,0.33,4,2,3,1,16,3,1,9,1,3,1,27.86,8.67,2092.83,0.08,52,0.12,116.27,241.48,1,2,4,15,0.27,16,36,12,13,11,0,9,N
4,11,6,0,15,18,6,0.24,8,2.25,4,0.67,27,1,0,25,2,6,1,24.1,24.7,14702.26,0.2,117,0.04,816.79,595.23,0.17,5,9,23,0.13,39,78,15,19,45,37.5,25,N
6,9,10,0,2,14,5,0.21,6,2.33,5,1,34,4,0.75,24,1,3,0.6,47.78,23.7,26838.69,0.38,195,0.04,1491.04,1132.43,0.8,4,7,31,0.15,79,116,35,21,33,7.69,24,N
1,3,5,0,1,4,2,0.22,2,2,2,1,12,1,0,9,3,2,1,29.06,11.2,3645.43,0.11,67,0.09,202.52,325.48,0.5,1,2,12,0.17,24,43,15,14,12,10,9,N
0,17,1,0,0,32,9,0.45,16,2,8,0.89,48,1,0,20,1,9,1,35.13,15.23,8150.47,0.18,120,0.07,452.8,535.13,0.11,8,16,41,0.43,44,76,13,9,21,0,20,N
1,6,6,0,0,4,4,0.21,2,2,3,0.75,18,3,0.67,19,0,3,0.75,29.26,13.5,5332.5,0.13,79,0.07,296.25,395,0.75,1,2,16,0.18,27,52,16,16,22,0,19,N
0,7,3,0,0,6,4,0.25,2,3,2,0.5,14,3,0.67,16,0,3,0.75,23.55,8.45,1681.86,0.07,44,0.12,93.44,199.04,0.75,2,3,12,0.24,13,31,10,13,17,0,16,N
28,59,46,1,38,42,36,0.15,20,2.1,34,0.94,233,20,0.54,241,0,33,0.92,238.08,40.75,395438.84,3.23,1287,0.02,21968.82,9702.9,0.56,11,21,199,0.12,480,807,159,27,310,13.93,242,N
2,3,5,0,1,4,2,0.25,2,2,2,1,10,1,0,8,1,2,1,26.84,8.18,1796.86,0.07,50,0.12,99.83,219.62,0.5,1,2,10,0.17,18,32,11,10,12,11.11,8,N
1,20,11,0,2,26,11,0.28,10,2.6,8,0.73,52,1,0,39,3,10,0.91,60.86,22,29456.04,0.45,224,0.05,1636.45,1338.91,0.09,8,13,43,0.25,82,142,41,22,44,4.88,39,N
6,27,7,0,0,44,14,0.37,18,2.44,14,1,86,9,0.62,38,2,14,1,41.06,42.15,72932.91,0.58,323,0.02,4051.83,1730.49,0.64,13,22,74,0.31,119,204,24,17,45,0,38,N
3,9,7,0,0,16,5,0.33,8,2,5,1,27,1,0,15,3,5,1,42.6,12.5,6656.28,0.18,103,0.08,369.79,532.5,0.2,4,8,24,0.26,35,68,21,15,19,0,15,N
2,5,7,0,0,8,3,0.2,4,2,3,1,18,1,0,15,1,3,1,40.99,14,8034.06,0.19,111,0.07,446.34,573.86,0.33,2,4,17,0.17,44,67,22,14,18,0,15,N
1,5,3,0,0,8,3,0.25,4,2,3,1,13,1,0,12,1,3,1,26.16,9.23,2229.05,0.08,52,0.11,123.84,241.48,0.33,2,4,12,0.21,20,32,13,12,14,0,12,N
5,19,24,0,0,24,11,0.15,12,2,11,1,81,7,0.6,71,0,10,0.91,122.92,19.86,48468.15,0.81,385,0.05,2692.68,2440.84,0.64,6,12,72,0.14,139,246,63,18,78,0,71,N
9,34,28,1,27,56,18,0.22,26,2.15,15,0.83,116,10,0.53,81,3,16,0.89,93.63,43.69,178710.34,1.36,608,0.02,9928.35,4090.58,0.56,15,28,100,0.15,232,376,77,29,121,25.69,82,N
9,18,10,0,1,4,12,0.16,2,2,10,0.83,67,1,0,73,0,10,0.83,96.22,23.35,52445.24,0.75,373,0.04,2913.62,2246.34,0.08,1,2,57,0.14,143,230,49,16,85,1.35,73,N
1,6,6,0,0,4,4,0.2,2,2,3,0.75,21,1,0,20,0,3,0.75,36.92,14.61,7876.2,0.18,106,0.07,437.57,539.27,0.25,1,2,19,0.17,37,69,19,15,23,0,20,N
2,3,7,0,6,4,2,0.11,2,2,2,1,14,1,0,18,1,2,1,39.51,10.08,4016.74,0.13,82,0.1,223.15,398.35,0.5,1,2,14,0.07,33,49,18,11,27,25,18,N
0,3,8,0,0,4,2,0.17,2,2,2,1,16,1,0,12,0,2,1,33.66,13.22,5883.89,0.15,89,0.08,326.88,445,0.5,1,2,16,0.15,34,55,18,14,13,0,12,N
15,33,13,0,9,58,17,0.22,26,2.23,13,0.76,97,12,0.69,76,3,10,0.59,69.47,40.7,115062.64,0.94,473,0.02,6392.37,2827.25,0.71,16,29,82,0.17,175,298,43,20,102,10.59,76,N
1,3,5,0,1,4,2,0.22,2,2,2,1,12,1,0,9,1,2,1,25.29,11.85,3548.61,0.1,63,0.08,197.14,299.56,0.5,1,2,12,0.17,22,41,13,14,12,10,9,N
9,12,10,0,8,16,7,0.21,8,2,6,0.86,38,1,0,34,1,5,0.71,54.94,20.4,22864.72,0.37,193,0.05,1270.26,1120.82,0.14,4,8,33,0.13,68,125,35,21,53,19.05,34,N
7,12,16,1,0,16,7,0.19,8,2,6,0.86,47,1,0,35,0,6,0.86,67.77,18.76,23842.81,0.42,217,0.05,1324.6,1271.18,0.14,4,8,42,0.16,77,140,39,19,44,2.78,36,N
0,3,3,0,0,6,2,0.5,2,3,2,1,11,1,0,4,1,2,1,14.83,7,726.48,0.03,30,0.14,40.36,103.78,0.5,2,3,11,0.4,8,22,4,7,5,0,4,N
0,3,5,0,0,4,2,0.22,2,2,2,1,12,1,0,9,0,1,0.5,20.53,8.13,1355.23,0.06,40,0.12,75.29,166.8,0.5,1,2,12,0.2,13,27,8,10,10,0,9,N
0,3,3,0,0,4,2,0.5,2,2,2,1,9,1,0,4,2,2,1,16.32,4.67,355.35,0.03,20,0.21,19.74,76.15,0.5,1,2,9,0.4,7,13,6,8,5,0,4,N
7,12,8,0,2,4,8,0.16,2,2,6,0.75,45,1,0,51,0,6,0.75,67.6,24.64,41048.67,0.56,282,0.04,2280.48,1665.74,0.13,1,2,39,0.13,115,167,42,18,61,3.77,51,N
4,3,6,1,0,4,2,0.14,2,2,2,1,12,1,0,13,2,2,1,35.51,12.28,5352.73,0.15,88,0.08,297.37,435.97,0.5,1,2,12,0.11,34,54,18,13,19,7.14,14,Y
0,3,2,0,0,4,2,0.25,2,2,2,1,8,1,0,8,2,2,1,16.2,8.75,1240.55,0.05,34,0.11,68.92,141.78,0.5,1,2,8,0.2,14,20,8,10,10,0,8,N
2,10,9,0,0,12,6,0.18,6,2,5,0.83,30,3,0.4,33,0,4,0.67,45.02,14.88,9961.7,0.22,125,0.07,553.43,669.69,0.5,3,6,26,0.16,42,83,24,17,37,0,33,N
21,41,28,0,11,64,22,0.2,30,2.13,19,0.86,151,8,0.33,111,1,16,0.73,141.86,34.57,169489.04,1.63,715,0.03,9416.06,4903.46,0.36,17,32,131,0.15,265,450,92,24,144,9.02,111,Y
2,3,2,0,0,6,2,0.33,2,3,2,1,7,1,0,6,0,2,1,17.23,8.67,1294.27,0.05,34,0.12,71.9,149.34,0.5,2,3,7,0.22,13,21,9,12,9,0,6,N
3,3,5,0,5,4,2,0.29,2,2,2,1,11,1,0,7,0,2,1,20.1,11.7,2752.14,0.08,52,0.09,152.9,235.23,0.5,1,2,11,0.13,18,34,10,13,16,41.67,7,N
3,10,7,0,2,12,6,0.26,6,2,6,1,31,1,0,23,0,6,1,38.97,10.97,4689.17,0.14,88,0.09,260.51,427.5,0.17,3,6,27,0.21,27,61,16,13,29,8,23,N
12,11,13,0,0,8,7,0.13,4,2,5,0.71,42,4,0.5,54,2,4,0.57,88.12,18.17,29080.61,0.53,271,0.06,1615.59,1600.77,0.57,2,4,37,0.1,109,162,45,15,67,0,54,N
6,40,27,1,13,66,21,0.31,30,2.2,19,0.9,122,9,0.4,66,3,16,0.76,88.04,36.99,120439.45,1.09,487,0.03,6691.08,3256.33,0.43,18,33,103,0.24,180,307,73,30,88,17.5,67,N
14,11,15,0,0,8,7,0.12,4,2,5,0.71,44,4,0.5,58,2,4,0.57,104.52,18.11,34291.94,0.63,311,0.06,1905.11,1893.2,0.57,2,4,39,0.1,128,183,53,15,73,0,58,N
3,3,5,0,5,4,2,0.29,2,2,2,1,11,1,0,7,0,2,1,17.22,13.72,3243.25,0.08,53,0.07,180.18,236.35,0.5,1,2,11,0.13,19,34,9,13,16,41.67,7,N
20,25,29,2,18,36,14,0.13,18,2,9,0.64,102,5,0.31,102,0,12,0.86,163.29,25.13,103097.32,1.37,590,0.04,5727.63,4102.97,0.36,9,18,90,0.1,233,357,102,22,144,16.39,104,N
1,7,4,0,0,8,4,0.5,2,4,3,0.75,14,1,0,8,2,4,1,15.19,14,2976.5,0.07,47,0.07,165.36,212.61,0.25,3,4,12,0.4,18,29,9,14,10,0,8,N
27,51,45,3,2,62,30,0.14,30,2.07,23,0.77,229,14,0.45,211,0,27,0.9,195.9,54.54,582830.35,3.56,1413,0.02,32379.46,10685.45,0.47,16,31,201,0.12,556,857,158,31,246,2.31,214,Y
2,3,4,0,0,4,2,0.22,2,2,1,0.5,13,1,0,9,3,1,0.5,42.03,6.19,1609.1,0.09,56,0.16,89.39,260.06,0.5,1,2,13,0.17,22,34,16,9,12,0,9,N
8,16,13,0,9,20,10,0.22,10,2,8,0.8,56,1,0,46,2,7,0.7,65.15,27.14,47999.33,0.59,297,0.04,2666.63,1768.4,0.1,5,10,48,0.15,114,183,42,20,65,16.36,46,N
0,3,4,0,0,4,2,0.15,2,2,2,1,10,1,0,13,2,2,1,25.59,14,5014.84,0.12,73,0.07,278.6,358.2,0.5,1,2,10,0.13,28,45,15,15,15,0,13,N
1,3,4,0,0,4,2,0.22,2,2,2,1,9,1,0,9,1,2,1,17.15,13,2898.63,0.07,50,0.08,161.04,222.97,0.5,1,2,9,0.18,18,32,9,13,11,0,9,N
4,5,11,0,0,8,3,0.16,4,2,3,1,30,1,0,19,2,3,1,58.1,12.43,8983.13,0.24,142,0.08,499.06,722.42,0.33,2,4,29,0.13,52,90,23,11,24,0,19,N
9,3,9,0,4,4,2,0.1,2,2,2,1,22,1,0,21,0,1,0.5,71.77,11.08,8806.58,0.27,155,0.09,489.25,795.04,0.5,1,2,22,0.06,64,91,26,9,35,16,21,N
10,13,17,2,6,12,8,0.19,6,2,6,0.75,47,5,0.57,41,1,6,0.75,99.17,12.98,16702,0.43,217,0.08,927.89,1286.97,0.63,3,6,41,0.13,73,144,45,16,60,16.32,43,Y
1,5,4,0,0,8,3,0.27,4,2,3,1,13,1,0,11,1,3,1,23.27,11.38,3010.96,0.09,57,0.09,167.28,264.7,0.33,2,4,12,0.23,21,36,12,13,13,0,11,N
4,8,9,0,3,8,5,0.19,4,2,2,0.4,28,1,0,27,0,4,0.8,63.88,14.57,13563.07,0.31,161,0.07,753.5,930.8,0.2,2,4,25,0.14,51,110,35,20,36,10,27,Y
3,6,4,0,0,4,4,0.31,2,2,3,0.75,15,3,0.67,13,1,3,0.75,28.67,7,1404.72,0.07,45,0.14,78.04,200.67,0.75,1,2,13,0.22,14,31,11,11,18,0,13,N
0,8,6,0,1,8,5,0.28,4,2,3,0.6,22,3,0.5,18,1,3,0.6,33.38,14.25,6778.53,0.16,90,0.07,376.58,475.69,0.6,2,4,19,0.25,30,60,20,19,20,5.26,18,N
15,27,17,4,6,38,15,0.21,18,2.11,15,1,83,7,0.43,66,1,14,0.93,73.44,25.26,46844.09,0.62,314,0.04,2602.45,1854.76,0.47,10,19,70,0.16,109,205,41,19,94,13.16,70,Y
3,5,9,0,0,8,3,0.14,4,2,3,1,22,1,0,21,2,3,1,45.77,15,10297.93,0.23,129,0.07,572.11,686.53,0.33,2,4,21,0.12,50,79,25,15,25,0,21,N
5,8,8,0,2,8,5,0.22,4,2,5,1,28,1,0,23,0,5,1,55.49,8.48,3988.71,0.16,91,0.12,221.59,470.46,0.2,2,4,25,0.16,30,61,23,13,31,8,23,Y
10,11,19,0,3,20,6,0.17,10,2,6,1,48,1,0,36,0,4,0.67,115.58,11.75,15944.27,0.45,223,0.09,885.79,1357.5,0.17,5,10,44,0.12,83,140,53,15,50,7.69,36,N
2,11,10,0,1,12,7,0.2,6,2,6,0.86,38,1,0,35,0,5,0.71,55.65,17.14,16352.99,0.32,165,0.06,908.5,953.92,0.14,3,6,33,0.18,60,105,35,20,39,2.78,35,N
0,6,4,0,0,4,4,0.25,2,2,3,0.75,15,1,0,16,0,2,0.5,24.11,11.64,3264.45,0.09,59,0.09,181.36,280.54,0.25,1,2,13,0.24,16,43,11,16,17,0,16,N
3,7,9,0,2,12,4,0.24,6,2,4,1,24,1,0,17,2,3,0.75,33.69,16.2,8841.71,0.18,104,0.06,491.21,545.78,0.25,3,6,22,0.16,36,68,20,18,25,10.53,17,N
0,3,8,0,0,4,2,0.18,2,2,2,1,16,1,0,11,0,2,1,36.54,9.29,3150.52,0.11,74,0.11,175.03,339.29,0.5,1,2,16,0.17,26,48,14,10,12,0,11,N
0,5,4,0,0,8,3,0.3,4,2,2,0.67,15,1,0,10,1,1,0.33,23.36,8.4,1648.21,0.07,44,0.12,91.57,196.21,0.33,2,4,14,0.25,14,30,10,12,12,0,10,N
9,23,13,0,2,20,14,0.18,10,2,13,0.93,80,1,0,79,0,12,0.86,115.54,19.78,45226.86,0.76,367,0.05,2512.6,2285.98,0.07,5,10,68,0.15,135,232,58,17,91,2.47,79,Y
1,3,5,0,0,4,2,0.33,2,2,2,1,13,1,0,6,2,2,1,25.23,6.5,1066,0.05,41,0.15,59.22,164,0.5,1,2,13,0.22,13,28,8,8,9,0,6,Y
0,5,2,0,0,6,3,0.3,2,3,2,0.67,12,3,1,10,3,3,1,19.09,17.86,6086.79,0.11,67,0.06,338.15,340.86,1,2,3,11,0.25,25,42,14,20,12,0,10,N
0,3,1,0,0,4,2,0.22,2,2,1,0.5,6,1,0,9,1,1,0.5,14.87,8.57,1092.32,0.04,30,0.12,60.68,127.44,0.5,1,2,6,0.2,10,20,7,12,10,0,9,N
4,17,5,0,0,24,9,0.45,8,3,9,1,50,9,1,20,1,9,1,46.86,14.55,9917.4,0.23,134,0.07,550.97,681.72,1,8,12,43,0.35,47,87,21,13,26,0,20,Y
0,7,6,0,0,12,4,0.21,6,2,3,0.75,22,1,0,19,2,1,0.25,28.87,14.62,6175.54,0.14,83,0.07,343.09,422.26,0.25,3,6,20,0.19,26,57,16,18,21,0,19,N
5,18,15,0,0,26,10,0.19,12,2.17,10,1,65,5,0.44,52,0,9,0.9,80.76,27.14,59492.48,0.73,353,0.04,3305.14,2191.94,0.5,7,13,57,0.17,137,216,53,21,59,0,52,N
2,3,6,1,0,4,2,0.18,2,2,2,1,11,1,0,10,1,2,1,25.4,13.71,4777.91,0.12,71,0.07,265.44,348.39,0.5,1,2,11,0.14,24,47,14,16,14,9.09,11,Y
1,3,3,0,0,4,2,0.25,2,2,2,1,8,1,0,8,1,2,1,15.23,10.5,1679.07,0.05,37,0.1,93.28,159.91,0.5,1,2,8,0.2,14,23,8,12,10,0,8,N
4,9,5,0,0,16,5,0.25,8,2,5,1,34,4,0.75,20,1,5,1,41.69,12.35,6361.1,0.17,106,0.08,353.39,514.95,0.8,4,8,31,0.19,35,71,17,12,26,0,20,N
0,3,4,0,0,4,2,0.25,2,2,2,1,9,1,0,8,0,2,1,20.33,9.78,1943.91,0.07,46,0.1,107.99,198.81,0.5,1,2,9,0.22,16,30,9,11,9,0,8,N
8,9,13,0,1,16,5,0.11,8,2,5,1,68,1,0,44,0,5,1,72.83,29.48,63297.51,0.72,348,0.03,3516.53,2147.13,0.2,4,8,65,0.09,134,214,50,22,54,2.22,44,N
1,3,2,0,0,4,2,0.33,2,2,2,1,8,1,0,6,1,2,1,15.86,7.2,822.39,0.04,30,0.14,45.69,114.22,0.5,1,2,8,0.25,8,22,5,9,8,0,6,N
2,3,2,0,0,4,2,0.22,2,2,2,1,7,1,0,9,0,2,1,15.96,9.75,1517,0.05,36,0.1,84.28,155.59,0.5,1,2,7,0.17,13,23,8,12,12,0,9,N
13,12,14,0,4,4,8,0.15,2,2,8,1,46,1,0,54,0,8,1,90.48,17.04,26283.38,0.51,259,0.06,1460.19,1542.14,0.13,1,2,40,0.11,98,161,46,16,73,6.9,54,N
3,5,4,0,0,8,3,0.23,4,2,3,1,17,1,0,13,2,2,0.67,23.77,15.54,5735.89,0.12,76,0.06,318.66,369.21,0.33,2,4,16,0.18,29,47,14,15,17,0,13,N
1,7,1,0,0,12,4,0.31,6,2,4,1,16,1,0,13,0,4,1,16.11,13.71,3029.38,0.07,52,0.07,168.3,220.89,0.25,3,6,14,0.27,16,36,7,12,15,0,13,N
4,9,5,0,1,14,5,0.31,6,2.33,4,0.8,26,3,0.5,16,0,5,1,22.8,17,6589.95,0.13,79,0.06,366.11,387.64,0.6,4,7,23,0.22,26,53,13,17,23,5.88,16,N
5,11,9,0,14,14,6,0.33,4,3.5,6,1,28,5,0.8,18,1,5,0.83,42.78,14.62,9144.94,0.21,116,0.07,508.05,625.51,0.83,5,8,24,0.15,43,73,25,17,39,43.75,18,N
1,13,10,0,0,24,7,0.32,12,2,7,1,40,1,0,22,3,7,1,54.54,15.58,13243.53,0.28,153,0.06,735.75,849.85,0.14,6,12,35,0.28,55,98,30,17,25,0,22,N
1,6,5,0,1,4,4,0.27,2,2,2,0.5,16,1,0,15,0,2,0.5,37.99,9.39,3349.04,0.12,72,0.11,186.06,356.7,0.25,1,2,14,0.21,26,46,18,13,19,6.25,15,N
0,3,1,0,0,4,2,0.33,2,2,2,1,7,1,0,6,2,2,1,13.38,7.33,719.39,0.03,24,0.14,39.97,98.1,0.5,1,2,7,0.29,8,16,6,11,7,0,6,N
21,30,25,1,3,26,18,0.16,12,2.17,16,0.89,115,3,0.12,112,1,11,0.61,102.5,38.09,148686.82,1.3,597,0.03,8260.37,3903.88,0.17,7,13,99,0.13,219,378,69,24,138,3.45,113,Y
2,6,4,0,0,4,4,0.31,2,2,3,0.75,15,3,0.67,13,1,3,0.75,28.67,7,1404.72,0.07,45,0.14,78.04,200.67,0.75,1,2,13,0.24,14,31,11,11,17,0,13,N
0,5,5,0,3,8,3,0.19,4,2,3,1,15,1,0,16,2,3,1,25.63,16,6560,0.14,82,0.06,364.44,410,0.33,2,4,14,0.14,32,50,16,16,21,15.79,16,N
0,3,4,0,0,4,2,0.25,2,2,2,1,9,1,0,8,0,2,1,28.73,7.92,1800.5,0.08,51,0.13,100.03,227.43,0.5,1,2,9,0.22,19,32,12,10,9,0,8,N
2,5,6,0,7,8,3,0.25,4,2,3,1,15,1,0,12,1,3,1,29.1,10.5,3208.05,0.1,65,0.1,178.23,305.53,0.33,2,4,14,0.13,21,44,13,13,23,36.84,12,Y
5,13,11,0,0,24,7,0.21,12,2,6,0.86,42,5,0.67,34,2,5,0.71,42.13,26.79,30243.28,0.38,200,0.04,1680.18,1128.77,0.71,6,12,37,0.18,74,126,29,21,40,0,34,N
2,13,7,0,0,12,8,0.22,6,2,6,0.75,41,3,0.29,36,1,7,0.88,46.09,20.67,19687.59,0.32,179,0.05,1093.75,952.63,0.38,3,6,35,0.2,62,117,24,16,40,0,36,N
1,5,5,0,3,8,3,0.27,4,2,3,1,14,1,0,11,0,2,0.67,28.48,9.5,2569.87,0.09,59,0.11,142.77,270.51,0.33,2,4,13,0.18,19,40,12,12,17,21.43,11,Y
4,5,5,0,0,8,3,0.2,4,2,3,1,18,1,0,15,2,2,0.67,31.14,17.14,9151.3,0.18,101,0.06,508.41,533.83,0.33,2,4,17,0.15,40,61,21,18,20,0,15,N
6,6,7,0,1,4,4,0.19,2,2,4,1,21,1,0,21,0,4,1,46.32,15.11,10577.6,0.23,129,0.07,587.64,699.99,0.25,1,2,19,0.14,51,78,27,16,29,4.55,21,N
9,11,13,0,9,8,8,0.1,4,2,5,0.63,43,1,0,79,2,7,0.88,123.35,19.27,45791.28,0.79,367,0.05,2543.96,2376.59,0.13,2,4,37,0.08,152,215,71,18,102,10.23,79,Y
0,5,4,0,0,8,3,0.21,4,2,3,1,15,3,1,14,1,1,0.33,26.73,9.21,2266.4,0.08,53,0.11,125.91,246.12,1,2,4,14,0.2,17,36,12,13,15,0,14,N
2,3,2,0,0,4,2,0.22,2,2,2,1,7,1,0,9,0,2,1,15.92,8.64,1189.32,0.05,33,0.12,66.07,137.61,0.5,1,2,7,0.15,11,22,7,11,13,0,9,N
7,27,9,1,4,46,14,0.33,20,2.3,12,0.86,64,6,0.38,42,0,11,0.79,35.69,27.62,27226.57,0.33,184,0.04,1512.59,985.79,0.43,13,23,52,0.25,58,126,21,20,57,10.64,43,Y
0,7,2,0,0,4,5,0.22,2,2,4,0.8,19,3,0.5,23,0,4,0.8,29.4,14.39,6090.84,0.14,89,0.07,338.38,423.18,0.6,1,2,16,0.21,31,58,14,13,24,0,23,N
5,11,7,0,0,20,6,0.27,10,2,5,0.83,32,1,0,22,2,4,0.67,39.49,17,11411.18,0.22,127,0.06,633.95,671.25,0.17,5,10,28,0.21,44,83,22,17,28,0,22,N
22,43,20,3,11,38,26,0.2,18,2.11,18,0.69,132,15,0.56,128,0,19,0.73,109.63,42.03,193686.35,1.54,666,0.02,10760.35,4607.96,0.58,10,19,108,0.16,255,411,91,30,166,9.86,131,N
2,7,6,0,5,12,4,0.33,6,2,4,1,19,1,0,12,1,3,0.75,28.84,11.5,3814.64,0.11,69,0.09,211.92,331.71,0.25,3,6,17,0.19,23,46,14,14,21,29.41,12,Y
0,3,4,0,0,4,2,0.25,2,2,2,1,9,1,0,8,0,2,1,28.73,7.92,1800.5,0.08,51,0.13,100.03,227.43,0.5,1,2,9,0.2,19,32,12,10,10,0,8,N
12,15,20,0,16,16,9,0.15,8,2,9,1,61,1,0,61,0,9,1,90.69,22.53,46024.85,0.68,327,0.04,2556.94,2043.07,0.11,4,8,54,0.1,118,209,55,21,91,20.78,61,N
0,7,6,0,0,10,4,0.29,4,2.5,2,0.5,20,3,0.67,14,1,2,0.5,34.38,9.75,3268.21,0.11,69,0.1,181.57,335.2,0.75,3,5,18,0.27,24,45,16,13,15,0,14,N
10,22,17,0,3,30,12,0.27,12,2.5,10,0.83,69,7,0.55,45,1,8,0.67,69.77,26.35,48459.37,0.61,299,0.04,2692.19,1838.77,0.58,9,15,59,0.2,110,189,48,23,59,6.25,45,Y
0,3,3,0,0,4,2,0.5,2,2,2,1,9,1,0,4,0,1,0.5,19.46,3.5,238.4,0.02,19,0.29,13.24,68.11,0.5,1,2,9,0.4,5,14,5,7,5,0,4,N
7,9,20,1,0,16,5,0.1,8,2,5,1,49,3,0.5,47,0,4,0.8,90.12,19.38,33861.93,0.58,285,0.05,1881.22,1746.85,0.6,4,8,46,0.09,112,173,52,18,56,2.08,48,Y
9,7,10,0,4,12,4,0.11,6,2,4,1,32,4,1,37,0,4,1,69.01,16.93,19777.28,0.39,207,0.06,1098.74,1168.28,1,3,6,30,0.08,79,128,35,15,51,9.76,37,N
5,3,6,0,1,4,2,0.12,2,2,2,1,17,1,0,17,1,1,0.5,50.08,14,9816.39,0.23,139,0.07,545.36,701.17,0.5,1,2,17,0.08,56,83,22,11,24,5.56,17,N
0,3,4,0,0,4,2,0.25,2,2,2,1,9,1,0,8,2,2,1,20.81,9,1685.67,0.06,42,0.11,93.65,187.3,0.5,1,2,9,0.22,15,27,10,12,9,0,8,N
18,13,19,0,10,24,7,0.12,12,2,7,1,73,1,0,57,1,7,1,88.41,27.8,68305.52,0.82,397,0.04,3794.75,2457.36,0.14,6,12,68,0.08,158,239,54,19,86,14.93,57,N
1,9,6,0,1,4,6,0.21,2,2,4,0.67,26,1,0,28,0,4,0.67,52.27,12.46,8112.64,0.22,125,0.08,450.7,651.18,0.17,1,2,22,0.19,46,79,24,13,32,3.45,28,N
5,11,8,0,1,18,6,0.3,8,2.25,6,1,41,5,0.8,20,2,6,1,46.13,20.69,19748.29,0.32,170,0.05,1097.13,954.5,0.83,5,9,37,0.21,60,110,29,20,28,4.76,20,N
